,AI Tool,description
0,AI Photo Filter,Free Tool to Transform Your Image Style
1,ThinkStack,Custom AI Chatbot To Power Customer Engagement
2,Resume Worded,Improve your resume and LinkedIn profile
3,WisdomPlan,"AI-powered learning: Master any skill, your way"
4,Kaiber,Transform your ideas into masterpieces with our AI video generator
5,Ping Parrot,AI Powered Chatbot for Your Website
6,Vizcom,The next generation of product visualization
7,AI Background Remover,Instant Background Eraser
8,Artflow,"Effortlessly turn ideas into
Animated Stories & let the
Creativity flow"
9,eluna.ai,Unlock the full potential of Generative AI
10,B12,Grow your business with a professional AI website
11,Samwell.ai,"Your AI essay genius for flawless, plagiarism-free work"
12,Durable,Build a website in 30 seconds using artificial intelligence
13,Andi,"Hello! I'm Andi, your smart search assistant."
14,EssayGrader,The fastest way to grade essays
15,Mokker AI,AI Background  Replacement
16,iAsk.Ai,Free AI Search Engine
17,DeepFiction AI,"Create unique stories, images and more with AI"
18,QUIZGECKO,AI Powered Quiz Maker
19,Supermeme,Turn text into memes using AI
20,Image Caption Generator,AI-Powered Captions & Hashtags Generator
21,Domain Finder Superdomain,Expert in domain generator
22,Super Describe,"Your image inspiration, reimagined through AI wizardry"
23,ElevenLabs Text to Speech,Convert text into speech
24,Shorts and Reels Assistant,Revolutionize your YouTube presence with Shorts & Reels Assistant's script mastery
25,Photo Multiverse,Turn Photos into Art with Photo Multiverse
26,Invoice Bot,Create expert invoices with Invoice Bot in seconds!
27,Home Style advisor,AI Interior Design Generator
28,GPT for Sheets,GPT Magic for AI-Enhanced Sheets
29,Cover Letter,AI-Powered Cover Letter Generator
30,Creative Writing Coach GPT,Enhance Your Written Content
31,PPT Maker by SlidesGPT,Your Instant AI-powered Presentation Slide Generator
32,iSeeFin,"With iSeeFin Your Shortcut to Expert Stock Knowledge, Anytime, Anywhere."
33,Humanizer Pro GPT,AI To Human Text Converter
34,Diagram Show Me GPT,AI-Powered Flowcharts and Mindmaps Creator
35,Logo Creator GPT,Use me to generate professional logo designs and app icons!
36,AI Testimonial Questions Generator,100% Free Testimonial  Questions Generator
37,Cookii,Your AI Sous Chef
38,Beatoven.ai,Create unique royalty free music that elevates your story
39,Video Maker by invideo AI,Generate stunning narrated videos effortlessly with this videoGPT!
40,Documind,Chat With PDF using AI
41,DomainGPT,Best AI Domain Name Generator
42,Ideogram,Craft Your Perfect Logo with Ideogramâ€™s free AI Tool.
43,MotionIt.AI,Slide creation simplified by AI
44,VideoGPT by Veed,AI Video Maker.
45,Scribe AI,Create Step-by-Step Guides â€” Fast.
46,VidIQ AI Coach,ChatGPT for YouTubers
47,Media.io - Video BG Remover,Video Background Remover
48,Mindsmith,Accelerate your eLearning development with generative AI
49,AICheatCheck,World's most accurate AI text detection tool
50,Flickify,"Generate videos from text, urls or just type out a prompt"
51,Heuristica,"AI-powered concepts maps for visual learning, research, and creativity."
52,MapDeduce,Navigate Documents with AI: ask questions & get answers and sources
53,songR,Pick a genre and enter your prompt
54,miniapps.ai,Discover & Create Free AI-powered And ChatGPT Mini Apps
55,Piggy Magic,Social Story Maker
56,Zoo,An open source text-to-image playground by Replicate.
57,TalkPalAI,The Most Efficient Way to Learn a Language
58,Pickaxe,"Build , Share and Manage AI Apps"
59,OpenRead,Experience the future with AI-powered interactive papers!
60,Replicate,Generate PokÃ©mon from a text description
61,Upscale.media,Upscale and Enhance Your Images Using AI
62,Rizzle,Create Videos from Text and Podcasts
63,CourseFactory AI,"Create Your Online Course
with AI Assistance"
64,Tandem GPT,"Rehearse real-life conversations
with AI"
65,Adobe Firefly,Generative AI for creatives
66,Verbatik,"VERBATIK
AI Powered Text to Speech Generation in 5 clicks"
67,Audyo,Text in. Audio out.
68,CoWriter,Unlock your best writing
69,SCISPACE,Do hours worth of reading in minutes
70,Bing,AI-powered Microsoft  Bing
71,Jaq n Jil,AI Writing Assistant
72,AI IS A JOKE,Make Uncle A.I. Crack a Joke For You
73,analogenie,Write better with analogies
74,Vondy,Next Generation AI Apps
75,Mubert,AI Generative Music
76,Contents.com,Generate Content 10X Faster
77,Canva Text to image,Canva AI Text to Image Generator FREE Amazing Images!
78,Build AI,BuildAI into your Business. In minutes.
79,Tammy.ai,Save Time on YouTube with AI
80,Texta,AI blog writer and article ideas generator
81,StoryLab.ai,The Modern Marketers AI Content Creation Toolkit
82,Wordtune,Free AI Writing Assistant
83,Uberduck,Make Music With AI Vocals
84,WatchThis.dev,Get curated show and movie recommendations with Open AI
85,Cohesive,Create magical content with the most powerful AI editor
86,toolbuilder,Build Your Own Artificial Intelligence Generated Tool
87,Corrector App,Spell Check and Grammar Checker
88,Jokelub,Carry Humor With You
89,summate.it,Quickly summarize web articles with OpenAI.
90,Voicemaker,Text to Speech Converter
91,TalesFactory,Create Storybooks In Seconds
92,Bedtimestory.ai,Craft wonderful bedtime stories â€“ powered by AI
93,Regem,Free AI Rephrase & Paraphrasing Tool
94,Hama,Remove unwanted objects from your photos
95,Voicemod,Free Text to song and AI music generator
96,Hitpaw,AI Art Generator
97,MapsGPT,Create A Custom Map With Pins In Seconds
98,Pebblely,Beautiful product photos in seconds
99,Neuroflash,Your favorite AI text and image generator
100,Linkdelta,AI Writing Tool for SEO & Marketing
101,Pineapple builder,Simple AI Website Builder for busy Business Owners
102,Pixela.ai,AI Generated Game Textures
103,Boomy,Unleash your creativity Make music with Boomy AI
104,Viral Post Generator,Use AI to write the perfect Linkedin post
105,Wordspilot,Best AI Content Writer
106,LightPDF,"AI-Powered Online PDF Editor, Converter and Reader"
107,GoCharlie,"Content Creation, Made Easy"
108,Linguix,Supercharge Your Written Communication
109,QuickPen AI,Best AI Content Writer
110,Getimg.ai,AI Image & Art Generator
111,Botowski,"your new personal
AI copywriter"
112,Quriosity,The first-ever AI-powered course creator for personalized learning
113,Transvribe,Ask any video any qustion
114,SummarizePaper.com,Discover Key Insights from arXiv's Latest Articles
115,Dallelist,Level Up Your Prompts In DALL-E 2
116,Finalle.ai,Real-Time Market Data Insights
117,AI Named My Pet,Pet name generation
118,ImgCreator.AI,The Ultimate AI Image Generator
119,Midjourney prompt generator,Discover the ultimate AI-powered prompt
120,Rephrasee.com,AI Writing and Copywriting Assistant
121,Komo AI,Search engine powered by generative AI
122,Careerdekho AI,Get clarity of your career with our AI career suggestion engine!
123,Object Remover,AI-powered Object Remover to Clean up Your Pics with Magic!
124,Cutout.Pro,AI powered  visual design platform
125,Catbird AI,AI-Powered Image Generator
126,QR Code AI Art Generator,How to generate beautiful QR codes
127,BlackInk.AI,Create your own unique tattoo in seconds
128,Ask Your PDF,The Best PDF AI Chat App
129,BeeBee Ai,"Gathering Insights, Crafting Success"
130,Explainpaper,The Fastest Way to Read Research Papers
131,How To Reply To,Reply to messages smartly with AI
132,PolitePost,Rewriting your emails with AI to be professional
133,You.com,Your AI-Driven Search Engine with 100% Privacy
134,JOURNEAI,Your Instant Travel Companion for Hyperpersonalized itinerary
135,Graham.AI,Tech Tweet Generator
136,Cool gift ideas,Give the perfect gift!
137,Claros,An AI expert to help you decide what to buy
138,Cookup.ai,"Discover AI apps for every usecase
10X your creativity & productivity"
139,PlayArti,Create Art in a Click
140,WolframAlpha,Online Tools for Teaching & Learning
141,summarize.tech,AI-powered video summaries
142,character.ai,Elevate Your Conversations using Character.ai the Chatbot Revolutionizer
143,to teach,"The artificial intelligence for
your classes."
144,Explain Like I'm Five,The AI-Powered Tool for Students
145,Paraphrasing Tool AI,Rephrase any sentence quickly and easily
146,Pixelhunter,AI-powered image resizer for social media
147,Penelope AI,The markdown editor that helps you write seamlessly
148,Any Summary,Summarize any file with AI
149,LeiaPix Converter,Bring your images to life
150,Playground AI,Make AI art for free
151,Flair AI,THE AI DESIGN TOOL FOR BRANDED CONTENT
152,SEO GPT,"Elevate Rankings, Generate Keywords, and Drive Conversions"
153,Roam Around,Your personal AI travel planner
154,One More AI,AI-Generated Stock Images
155,BlogNLP,The AI Writing Tool for Effortless Content Creation
156,Scribble Diffusion,Turn your sketch into a refined image using AI
157,VenturusAI,Instant feedback on your business ideas
158,Pollinations.ai,AI image generator which runs on Stable Diffusion
159,Riffusion,Text To Music
160,Tome,"From your mind to theirs, in fewer steps"
161,ClipDrop,CREATE STUNNING VISUALS IN SECONDS
162,ValidatorAI.com,AI-Powered Startup Business Validator
163,REimagineHome,REimagine your space
164,PPLeGPT,Your next exercise in seconds
165,Lucidpic,AI Person Generator
166,Magic studio,"Powered by AI, Created by You"
167,Quizify,Create amazing quizzes 20X faster with AI
168,Bard,"â€ŽTry Bard, an AI experiment by Google"
169,Naming Magic,Use AI to name your company and find a domain.
170,AutoWrite,The Best AI SEO Writer
171,GPT-Minus1,Watch as Your Text Transforms with Randomly Replaced Synonyms
172,starryai,Create AI Generated Art
173,Crear.ai,Forget the blank page and create better content 10X faster
174,Covercraft,AI-powered Cover Latter Generation in under 1 Minute
175,Woxo,Make Videos & Social Content. Faster
176,Booom.ai,AI Generated Social Games
177,Dream Interpreter AI,Dream Interpretation Art
178,Wishes AI,Send unique wishes generated by AI
179,Resume Reviewer,Fix your resume using AI
180,Trolly.ai,"Create professional SEO articles, 2x faster."
181,RubyGPT.ai,Writing with AI made easy for all your needs
182,CoverLetterGPT,Generate Cover Letters based on Job Description and your ResumÃ©.
183,Thumbnail Ai,Ai Rating of Youtube Thumbnails
184,Background.lol,Get Amazing AI Cover Images In Seconds!
185,Resume.io,Only 2% of resumes make it past the first round. Be in the top 2%
186,Freepik,Show next-level creativity with AI-generated images
187,AI Seo Outlines,Generate Amazing SEO Content in Seconds
188,Dezgo,Text-to-image AI Image Generator
189,Tutorly.ai,Need help with homework?
190,SwiftCover,AI-Powered Cover Letter Generator
191,Logoai,New Logo & Brand Design
192,Presentations.AI,"ChatGPT
for Presentations"
193,Ask Experts AI,"Ask Experts
Expertise on Demand"
194,Rytar,"Generate Accurate, Relevant, and Quality Content in Seconds"
195,Armchair AI,Don't waste time pursuing the wrong business or side hustle
196,Subject Line Generator,Get email subject lines in seconds.
197,Stratup.ai,AI-Powered Startup Ideas
198,NameSnack,Business Name Generator
199,captiongen,Generate the perfect caption with the help of ChatGPT
200,AI Input,Free Text to Image Generator
201,AllWrite,Revolutionize Your Writing with Automated AI Content
202,LongShot AI,Generative AI to create Accurate & Fact-Checked Content
203,Teach Anything,Teach you Anything in seconds
204,Talk to Books,A new way to explore ideas and discover books.
205,ChessGPT,ChatGPT's Chess Revolution: A Game-Changing AI Challenger
206,Sticky,Create your own sticker with AI
207,AI Room Styles,Generate your decorations quickly!
208,Speechllect,Revolutionize your voice solutions with our AI innovations
209,Pixify,AI keywording tool
210,DEGENAI,Join the AI revolution!
211,Txt Muse,"Write 10x better,
Not 10x faster"
212,JD AID,"Spend more time sourcing talent, less time writing job descriptions."
213,CareerHub AI,Upgrade Your Career With The Power Of AI
214,Opinionate.io,"Steelman arguments, settle debates and challenge your ideas"
215,MidJourney Prompts Generator,Discover the ultimate AI-powered prompt
216,Affirm,"Your friendly, neighbourhood positive affirmations-generator"
217,MakeMyTale,Create your own AI-powered story.
218,Summarist.ai,Free AI-Powered Book Summaries
219,HowToWrite.io,Your Personal AI Writing Assistant
220,Great Headlines,AI-Powered Great Headlines
221,ArchitectGPT,Create your dream space
222,Video2Recipe,Convert Your Favorite Cooking Videos To Recipes
223,ByeBlankPage,AI+Text Editor : Seamlessly Integrated
224,Remove bg,Remove Background from Image for Free
225,Joypanner,Go beyond  quick answers
226,OpExams,"Exams of today, with tools from the future"
227,Taggy,The magic of words behind your photos
228,AI Gallery,Create stunning images and artworks in seconds
229,SEOWRITING.AI,Boost Your Rankings with AI-Powered SEO Writing Tool
230,Cramly.ai,Helping every student achieve their best
231,Article Fiesta,Your Ultimate Solution for Convenient and High-Quality Article Writing
232,Pictory,Video Creation Made EASY
233,Assembo AI,Viral Marketing Photo in 1 min
234,AIforBiz,Discover use cases of AI in your business
235,imagetocaption.ai,The Ultimate Solution for SEO-Optimized Social Media Captions
236,CoolMindMaps,your Key to Effortless Mind Mapping!
237,Free Blog Post Generator,Create Captivating Content Effortlessly with Our Online Tool
238,AI Pet Name Generator,AIPetNamer generates unique and creative names for your pets.
239,Riter,"Generate your next UX Copy, Headings using chatGPT"
240,Quilgo,Online Testing Platform Made Easy & Trustworthy
241,PicFinder.AI,Infinite image generation powered by AI.
242,BooksAI,Book summaries right from your camera
243,Eloise AI,Write your copy better and faster with Eloise AI
244,roomGPT,Redesigning rooms in seconds using AI
245,AI Cover Letter Generator,Create a cover letter in seconds using AI
246,Henshu.ai,Extraordinary Writing with Henshu.ai
247,Palette.fm,Colorize Pictures
248,OnTime Ai,Our AI Helps Students Complete Work 100x Faster.
249,Decktopus AI,World's #1 AI-Powered Presentation Generator
250,NextThreeBooks,Find Your Perfect Book Match with NextThreeBooks
251,Plazmapunk,create your own music video with the power of A.I
252,Forefront AI,A better ChatGPT experience
253,Where To AI,"Unleashing the Power of AI to Discover, Explore, and Experience New Destinations"
254,GPTGO.ai,AI Search Engine
255,HOTOKE AI,Mechanical Buddha will answer your concerns.
256,Studyable,"AI Learning Tools, Study Guides ,Flash Cards and more"
257,Humata,Ask AI anything about your files
258,ChatPDF,Chat with any PDF
259,Gamma app,A new medium for presenting ideas. Powered by AI.
260,Hotpot,"Your Creative
Helper"
261,PFPMaker,Create an awesome AI profile picture for free
262,Fliki,Turn text into videos with AI voices
263,PhotoRoom,Magic photo studio on the go
264,resumA.I.,Write and edit lightning fast resume bullet points with cutting-edge ChatGPT
265,Kickresume,"Best AI Resume Builder, Your success story begins with a resume."
266,ElevenLabs,Prime Voice AI
267,vidyo.ai,Make short videos from long ones instantly
268,HeyGen,CREATE ENGAGING VIDEOS 10X FASTER WITH AI
269,ProductShots AI,Sell more products with stunning photos
270,Plan Trip AI,Your starter trip planner with the power of AI!
271,Travopo,"The Ultimate ""DIY"" Trip Planner"
272,Chatbase,Custom ChatGPT for your website
273,Lesson Plan Generator,Make lesson planning more seamless and effective
274,D-ID,Future-Facing Generative AI
275,AI Mailer,Effortless Email Generation
276,Songtell,Your song meaning teller
277,Lumen5,Grow your brand and drive demand with video at scale
278,LuciaAI,Lucia is an advanced AI writing assistant
279,Unbound,Automate content creation for your small business
280,Lexica.art,The Stable Diffusion search engine
281,ENTERPIX,AI-Generated Image Search Engine
282,Blend AI Studio,"Sell More with Beautiful Designs, created by AI"
283,Textero.ai,Write better with AI
284,Steve AI,The Only AI Tool To Create Videos Using Text
285,EssayPal,AI Writing Assistant
286,AutoDraw,Unlock Your Inner Artist with the Help of AutoDraw
287,AI Social Bio,"Your social media bio, created by artificial intelligence"
288,TutorAI,Learn anything
289,BRANDMARK,"Create a unique, professional logo for your business"
290,Hypotenuse AI,Let AI write your content in seconds. Without writerâ€™s block.
291,YourDoctor AI,Ask me anything
292,QuillBot,QuillBot's AI-powered paraphrasing tool will enhance your writing
293,MURF.AI,"AI enabled, real people's voices"
294,Play.ht,AI powered text to voice generator
295,Phind,The AI search engine for developers
296,PatternedAI,Generate unique patterns for your product using AI!
297,Listnr,AI enabled Text to Voice Generator
298,GymGenie,Generate your next workout routine in seconds
299,AIpickuplines,Discover the funniest and most effective pickup lines
300,For the wall,"AI Generated Posters, for your walls"
301,Simplified-AI Image generator,Get High-Quality Images with AI Text to Image Generator
302,DocQues,Analyze Docs and instantly generate questions on them
303,BigSpeak.ai,"FREE AI VOICE GENERATOR
AND REALISTIC
TEXT TO SPEECH"
304,Lovo,The Perfect Voiceovers
305,PrepAI,"Generate your
Question Paper
in Minutes"
306,FreeImage.AI,Free AI Image Generator
307,iQuit.ai,Let our AI Generate your resignation for you!
308,Perplexity AI,Ask Anything
309,InstaText,Write like a native speaker
310,Doctrina AI,"AI for Students and Children
Elevate your learning with Doctrina"
311,Rytr.me,"A better, 10x faster way to write"
312,Copy.ai,Say â€˜goodbyeâ€™ to the blank page for good
313,Writesonic,Writesonic: Best AI Writer - Rated 4.8/5 on G2 Reviews
314,CheatGPT,Discover better way to cheat
315,Craiyon,Free online AI image generator from text
316,Moonbeam,Never write from scratch again
317,Trip Planner,Plan your next vacation
318,ChefGPT,Never Worry About What's for Dinner Again!
319,Everypixel,Stock image search engine powered by AI.
320,AIEmailWriter,Effortless Email Creation with GPT-3
321,Textcortex,One AI Tool To Write All Your Content
322,Glow AI,Generate your next skincare routine in seconds
323,Fotor-AI Image Generator,Text to image with AI Image Generator
324,AI Recipe Generator,Enter your ingredients and let the AI generate unique delicious recipe for you
325,Looka-Logo Maker,Make a logo with Looka
326,OpenArt,"Search 10M+ of prompts, and generate AI Art via Stable Diffusion, DALLÂ·E 2."
327,AISEO,Copywriting done 10X faster.
328,Recipes by AI,"""Get Creative in the Kitchen: AI Chef Generates Recipes Based on Ingredients"""
329,Stockimg AI,Unleash Your Creativity with Stockimg AI
330,Yaara AI,Elevate Your Writing with Yaara â€“ The AI-Powered Writing Assistant
331,Ask My Book,Ask a question and AI'll answer it in real-time
332,unscreen,"Remove Video Background
100% Automatically and Free"
333,Cleanup.pictures,"Remove any unwanted object, defect, people or text from your pictures in seconds"
334,namelix,Business Name Generator
335,Consensus,"Evidence-Based Answers, Faster"
336,VanceAI/toongineer-cartoonizer,Turn Photo into Cartoon with AI
337,Imaiger,AI Image Search
338,ELI5,Simplifying Complex Topics with Fun and Engaging Explanations
339,Gift Genie,Find the perfect gift in seconds with AI... for free!
340,Dreamlike.art,Create stunning original art in seconds with the power of AI.
341,Replai.so â€“ AI Replies for Twitter & LinkedIn,Get 10x growth with AI-generated replies
342,Typli.Ai,AI-powered writing tool
343,Texti,AI that lives in your browser!
344,Virtlly.Com,Generate Advertisement copies for your product using AI.
345,Tinywow,"Free AI Writing, PDF, Image, and other Online Tools"
346,mage.space,create anything
347,I Wear Art,"Create unique art with AI, and wear it on your apparel."
348,TattoosAI,"Create the perfect tattoo design with your personal
AI-powered tattoo artist"
349,Prompthero,Search millions of art images by AI models
350,Paralegal AI,AI Powered Legal Research and Summaries.
351,AIHelperBot,Build SQL queries instantly with AIâš¡
352,NightCafe-AI Art Generator,Create amazing artworks using the power of Artificial Intelligence.
353,Writecream-AI Script Generator,Use Writecream's A.I to generate  Scripts
354,Creaitor.ai,We Help To Make Things Better
355,StoriesForKids.ai,Read & Create Together
356,Midjourney.ai,turning text into art in real-time
357,Wave.video,Transform Your Text into a Professional Video with Wave.video's AI Technology
358,Copymatic,Generate Content & Copy In Seconds with AI
359,Anyword,Copywriting AI with predictable results
360,Erase.bg,Remove Background From Images For Free
361,LALAL AI,"Extract vocal, accompaniment and various instruments from any audio and video"
362,Peppertype.ai,Your Virtual Content Assistant
363,Magic Eraser,Remove unwanted things in seconds
364,Questgen,Generate quizzes from any text in one click using AI
365,Scalenut,Tell Better Stories at Scale
366,Writerly,Your content creation superpower
367,Katteb,"Write Fact-Checked Content
The Future of Content Writing is Here"
368,PicWish,AI-Powered Photo Editing Platform
369,Dream by WOMBO,High Quality Artwork In Seconds
370,Easy-Peasy.AI,Get your copywriting done faster and easier with ðŸ¤– AI tools.
371,CVPR/ml-talking-face,Talking Face Generation with Multilingual TTS (CVPR 2022 Demo Track)
372,HyperWrite,Your Personal Writing Assistant
373,Picso,Text to AI art maker
374,MateAI,"Generate Copy and Design for your email campaigns, faster."
375,DESIGNS.AI,"Create logos, videos, banners, mockups with A.I. in 2 minutes"
376,Jasper,The Future of Content Writing is Here
377,FashionAdvisor.AI,What Goes With What
378,excelformulabot,Effortlessly transform text instructions into Excel formulas with AI - for free!
379,WatermarkRemover.io,Remove Watermarks from Your Images for FREE
380,StabilityAI-Stable Diffusion 2.1,The Latest Text-to-Image Model from StabilityAI
381,Pharma-CLIP Interrogator,Unlock the power of image generation with the CLIP Interrogator
382,Karlo,Karlo - unCLIP model by KakaoBrain
383,BLIP,"Transform vision-language tasks with BLIP, the pre-training framework from Salesforce AI Research!"
