,AI Tool,description,pricing,url
0,FaceMod AI,"Enjoy swapping faces with any photo you want with FaceMod. Upload your selfies, switch to various styles: sport, film, wedding, and so on, then wait for a magic swap out of the faces to suit your needs.",Paid,https://www.facengine.ai/
1,Upmetrics AI,"Upmetrics AI: Crafting Winning Business Plans with the Power of AI. Struggling to write a compelling business plan? Fear not, aspiring entrepreneurs! Upmetrics AI is here to revolutionise the way you approach this crucial step.",Freemium,https://upmetrics.co/
2,Humanizer AI,HumanizeÂ Ai text using the world's best online AiÂ HumanizerÂ and convert Ai text to human-like text for online for free. Top AI-to-human text converter.,Paid,https://humanizer.me/
3,Azyri AI,"Azyri AI represents a significant leap forward in medical image analysis. By leveraging AI technology, Azyri AI empowers healthcare professionals to work more efficiently, improve diagnostic accuracy, and ultimately deliver better patient care.Â",Freemium,https://azyri.com/
4,Blahget AI,"Blahget Ai: Your Smart AI Voice-Driven Budgeting Assistant.Meet Blahget, the advanced AI Budgeting Assistant that simplifies finance management. Experience seamless tracking of expenses and income with cutting-edge.",Freemium,https://www.appar.ai/
5,UI Bakery AI,"UI Bakery: Build internal tools faster than ever. Create an admin panel, dashboards, and user portals using the UI Bakery internal tools builder. Connect and visualise data; integrate with third-party APIs.",Freemium,https://uibakery.io/
6,Syncly AI,Syncly Ai â Surface real customer pains from everyday customers. Instantly visualise customer trends with hassle-free charts. Detect anomalies; share instantly for alignment across organisations.,Freemium,https://syncly.app/
7,Documind AI,Documind Ai: Chat with PDF AI. Ask questions about complex topics with a simple chat interface for research papers. Take your research game to the next level.,Freemium,https://www.documind.chat/
8,Tely AI,"Tely AI: Effortless B2B Content Marketing with AI-Powered Automation. In today's digital age, creating high-quality, engaging content is crucial for B2B marketing success. Tely AI steps in as your intelligent content creation partner, leveraging artificial intelligence to streamline the entire content marketing process.",Freemium,https://www.tely.ai/
9,Macky AI,Macky AI: Simplified Business Consulting with AI Guidance Macky AI empowers businesses of all sizes with accessible and effective consulting solutions powered by artificial intelligence.,Freemium,https://macky.ai/
10,Jellypod AI,"A Better Approach to News.Unlike other text-to-speech platforms, Jellypod understands your newsletters' content and summarises everything together, giving you a concise overview of all your news without the distractions of your inbox.",Paid,https://jellypod.ai/
11,Pixel Dojo AI,Pixel Dojo AI is more than just an image generation tool; it's a platform that empowers artistic expression and fosters a thriving creative community. Sign up today and embark on a journey of limitless artistic exploration with the power of AI at your fingertips!,Paid,https://pixeldojo.ai/
12,Ritual AI,Ritual AI allows developers of all levels to seamlessly deploy and access a vast library of pre-trained AI models. This streamlines the development process and opens doors for creating AI-powered applications without significant upfront investment.,Free,https://www.ritual.work/
13,Crypto Co-Pilot AI,"Crypto Co-Pilot: Elevate Your Crypto Journey! Get instant insights on trending tokens, uncover hidden gems, and access the latest crypto news. Your go-to chatbot for savvy trading and crypto discoveries. Let's navigate the crypto market together!",Free,https://chat.openai.com/g/g-MdP2J4a4w-crypto-co-pilot
14,StudyX AI,StudyX Ai is more than just a study tool; it's your intelligent study partner that adapts to your learning style and empowers you to reach your full academic potential. Sign up for StudyX AI's free plan today and experience the transformative power of AI-powered learning.Â,Freemium,https://studyx.ai/
15,Off/Script AI,"Off/Script: Bring your product ideas to life. Without spending, Off/Script is a community-led product creation platform that powers the development of the most popular concepts published on its application.",Freemium,https://offscriptmtl.com/
16,Noisee AI,"Noisee AI: Your AI-Powered Video Editing Partner. Noisee AI goes beyond just being a video editing tool; it's your intelligent creative partner. Whether you're a social media influencer, a small business owner, or simply someone who wants to create engaging videos, Noisee AI empowers you to tell your story with impact.",Free,https://noisee.ai/
17,Flowjin AI,"Flowjin AI tailors your videos for every social platform, automatically converting landscape videos into portrait or square formats and crafting trendy captions with stylish fonts.",Paid,https://www.flowjin.com/
18,Mymind AI,"Mymind is the extension of your mind. A private place to save your most precious notes, images, quotes, and highlights. Enhanced with AI to help you remember without wasting time categorising.",Freemium,https://mymind.com/
19,Deli AI,"Deli gives you instant access to the perfect listings. Neighborhood insights, and answers to any question, clients can evaluate options and decide on homes faster.",Freemium,https://usedeli.com/
20,Mobirise AI,"Mobirise AI is more than just a website builder â it's your intelligent design partner. It empowers anyone to bring their website vision to life, regardless of technical background. Sign up for Mobirise AI today and experience the future of web design with the power of AI at your fingertips!Â",Freemium,https://mobirise.com/builder/ai-website-builder.html
21,Clipchamp AI,"Clipchamp: Quick and easy video editor. Free video editing tool everyone can use. Get started in your browser, download the Windows app or create on the go with your mobile.",Freemium,https://clipchamp.com/
22,EditAI AI,"EditAI Ai is more than just an editing tool â it's your intelligent creative partner. Whether you're a social media influencer, a small business owner, or simply someone who wants to create impactful videos, EditAI empowers you to tell your story with confidence. Sign up today for EditAI's free plan and experience the future of video editing with the power of AI.",Freemium,https://editai.co/
23,Photomyne AI,"Photomyne: Save & Cherish Family Memories Forever.The perfect home for scanning old memories and preserving them for your family's future. Â· Easy, speedy, & high-quality. Scan dozens of photos into digital.",Freemium,https://photomyne.com/
24,Woord AI,"Whether you're a blogger, content creator, student, or professional writer, Woord AI can be your indispensable writing companion. Sign up today and experience the transformative power of AI-driven writing assistance!",Freemium,https://www.getwoord.com/
25,PeopleAlsoAsk AI,"Crack the 'Also People Ask' Code & Answer the Public Wants with AI! PeopleAlsoAsk.ai: Discover What People Also Ask and Answer. Welcome toPeopleAlsoAsk.ai, your premier platform fueled by cutting-edgeAItechnology, dedicated to uncovering inquiries surrounding any topic.",Freemium,https://peoplealsoask.ai/
26,My AskAI,My AskAI: Empowering Businesses with AI-powered Customer Support. My AskAI empowers businesses of all sizes to revolutionize their customer support experience with the help of artificial intelligence.,Freemium,https://myaskai.com/
27,My-Legacy AI,"My-legacy Ai is the leading digital estate planning tool for online accounts. Create yourÂ online will, identifyÂ yourÂ executors. Secure and shareÂ yourÂ digital.",Freemium,https://my-legacy.ai/
28,LangWatch AI,"LangWatch AI: Safeguarding the Quality and Security of Generative AI LangWatch AI empowers developers and businesses building Generative AI (LLM) applications to ensure the quality, safety, and security of their models.",Freemium,https://langwatch.ai/
29,Creatie AI,Creatie Ai: Design with AI Assistance - Features for Streamlined Workflows.Creatie AI empowers UI/UX designers with the power of artificial intelligence to streamline their workflow and create exceptional user interfaces.,Freemium,https://creatie.ai/
30,Wondercraft AI,Wondercraft AI: Effortless Audio Content Creation with Powerful Features.Wondercraft AI empowers creators and businesses of all sizes to generate high-quality audio content in a fraction of the time and cost with the help of artificial intelligence.,Freemium,https://www.wondercraft.ai/
31,Alice AI,"Alice AI: A Tale of Two Technologies and the Evolution of AI The name ""Alice"" might evoke a whimsical character from a children's story, but in the world of Artificial Intelligence, it holds a unique significance",Paid,https://www.heyalice.app/
32,MidReal AI,"Midreal AI ushers in a new era of storytelling, where AI empowers creativity and enhances audience engagement. Whether you're a seasoned writer or a curious beginner, Midreal AI provides the tools to bring your interactive stories to life.",Paid,https://midreal.ai/
33,Lummi AI,"Lummi Ai empowers you to break free from creative limitations and generate high-quality images that enhance your content and brand identity. Â With its user-friendly interface, diverse image styles, and seamless integrations, Lummi Ai is the perfect solution for anyone seeking a simpler, faster, and more creative approach to content creation.",Free,https://www.lummi.ai/
34,School of SDR AI,School of SDR Best Sales Training Wave goodbye to traditional SDR tactics and learn AI-powered strategies to build a fat pipeline and earn high commissions. Mastering the Art of Sales: How School of SDR AI Empowers Aspiring Sales Professionals.,Paid,https://www.schoolofsdr.com/
35,Permar AI,Permar AI the Operating System forÂ Conversion Rate Optimization.Permar AI acts as your virtual conversion rate optimization expert and helps you to turn more of your existing visitors into customers.,Free,https://www.permar.ai/
36,Wordai AI,"10x Your Content Output With AI.Use artificial intelligence to cut turnaround time, extend your budget, and create more high-quality content that Google and readers will love. WordAi understands the meaning of each sentence, then rewrites it from scratch while optimizing for uniqueness and readability.",Freemium,https://wordai.com/
37,Headshotswithai AI,"Transform photos into pro headshots instantly with AI! Headshotswithai. Headshotswithai: Effortless Professional Headshots with AI Technology. HeadshotswithAI takes the hassle out of professional headshot photography, offering a convenient and affordable solution powered by artificial intelligence.",Paid,https://www.headshotswithai.com/
38,ProJourney AI,ProJourney allows you to use Midjourney without having to go through Discord. ProJourney AI: Unleash Your Inner Artist with Effortless AI-Powered Image Creation.ProJourney AI empowers creators and enthusiasts of all skill levels with a suite of features designed to make image generation using artificial intelligence accessible and intuitive.,Free,https://www.projourney.ai/
39,WeShop AI,10x Model and Product Image AI Creative Studio. Generate product photos instantly with WeShop Ai. Save time & money.Upload your product & get professional-grade visuals.,Freemium,https://www.weshop.ai/
40,5StarEssays AI,5StarEssays Ai Essay Writer is an AI-powered tool designed to assist users in generating essays quickly and effectively.,Free,https://www.5staressays.com/ai-essay-writer
41,Vinteo AI,Product visualization in realistic interiors with AI. Without involving designers and product photo shoots. Vinteo AI empowers businesses of all sizes to create stunning product visualizations and elevate their online presence. Upload your product photo today and see the difference Vinteo AI can make.,Paid,https://vinteo.ai/
42,Precallai AI,"Precall AI is a voice-based sales automation tool powered by generative AI that automates sales processes via AI Voice Bots. Whether you are an enterprise or a startup, it can help you grow your business.Visit Us:-https://www.precallai.com",Paid,https://www.precallai.com/
43,CreatorML AI,Countless YouTube creators struggle with optimization best practices. CreatorML is here to answer those tough questions and help you create the right strategy for your channel.,Paid,https://www.creatorml.com/
44,CustomGPT AI,"Build your own CustomGPT AI like this in minutes! This has indexed all the content on our websites, helpdesks, documents and more. Queries are answered with the GPT-4 streaming API â without making up facts.",Paid,https://customgpt.ai/
45,Olympia AI,"Olympia AI DePIN: Secure & Stable Crypto with AI-Powered Ecosystem. Invest in a secure & profitable future with Olympia AI DePIN. AI stabilizes market, 100% revenue returned to holders.",Paid,https://olympia.chat/
46,MailMentor AI,"Followup Has Never Been Easier. Let MailMentor transform your email workflow with automated, personalized follow-up messages that eliminate the hassle of managing lists and cadences.",Freemium,https://www.mailmentor.io/
47,FaceSwapper AI,"Welcome to FaceSwapper, where swapping faces is as easy as pie! With our fantastic AI face swap tool, you can switch faces with friends, family, or even famous folks in a snap. Just click a few buttons, and voila! Your photos turn into hilarious gems. Explore our fun filters and effects to jazz up your swaps.",Free,https://faceswapper.ai/
48,Stellaris AI,"Stellaris AI: From Galactic Management to Real-World Applications. Stellaris AI takes on two interesting forms: the AI governing empires in the space strategy game Stellaris, and the separate company, Stellaris AI, working on real-world language models.",Paid,https://www.stellaris-ai.com/
49,Snapshot AI,Snapshot Ai: Generate professional-quality product photos in seconds using AI. Craft eye-catching AI profile pictures with Snapshot AI. Upload selfies & get stunning AI-generated portraits. Free & paid plans available.,Free,https://snapshotapp.io/
50,AI Comic Factory,"Online AI Comic Book Creation Tools for Free. AI Comic Factory: AI Comic Generator Factory Maker Tool. Create Comics Effortlessly withAI Comic Factory. Leverage intuitive AI tools to generateartwork, customize layouts.",Free,https://www.aicomicfactory.art/
51,Trill AI,Trill: The faster way to do user research. TrillÂ is your personal AI powered research assistant that will take you from interviews to insights in record time.,Free,https://trill.so/
52,Rocket AI,Unveiling the Power of Rocket AI: Features for E-commerce Businesses. Rocket AI stands out as a powerful tool designed to streamline e-commerce operations and boost revenue.,Free,https://www.rocketai.io/
53,Mnml AI,"Mnml Ai: Architecture Ai Render Tools: Sketch, Interior. Mnml is anÂ AI rendering platform developed to assist architects and interior designers in optimising their workflow by generating.",Paid,https://mnml.ai/
54,Job Hunt Mode AI,"Job Hunt Mode AI goes beyond simple job boards. This innovative platform leverages cutting-edge artificial intelligence to analyse your skills, experience, and career aspirations.",Freemium,https://jobhuntmode.com/
55,Rationale AI,"Rationale is a revolutionary decision-making AI developed by Jina AI. Simply enter a pending decision, and our latest AI model will list pros and cons, generate a SWOT analysis, weigh multiple options, or predict the outcomes.",Freemium,https://rationale.jina.ai/
56,Prospre AI,"Prospero AI's core strength lies in its unique AI engine. This technology analyses vast datasets, focusing on where institutional investors are placing large bets. By identifying these trends, Prospero aims to uncover hidden gems with significant potential for long-term growth.",Free,https://www.prospre.io/
57,Krisp AI,"Krisp AI is a powerful AI powered application that eliminates background noise from your audio and video calls in real-time. It works seamlessly in the background and is compatible with popular conferencing platforms like Zoom, Microsoft Teams, and Google Meet.",Freemium,https://krisp.ai/
58,Staypia AI,"Staypia's focus on AI and automation helps streamline their operations, allowing them to cut costs and pass on those savings to their members. This makes Staypia an attractive option for budget-conscious travellers seeking the best hotel deals.",Free,https://www.staypia.com/
59,Routeperfect AI,"RoutePerfect AI doesn't believe in one-size-fits-all itineraries. Tell the AI your preferences, from desired destinations and travel dates to budget and interests and the AI will craft a personalized itinerary that perfectly aligns with your vision.",Free,https://www.routeperfect.com/
60,Virtuoso QA AI,"Virtuoso AI uses AI, ML, NLP, and Robotic Process Automation to run a test automation tool that gives you the speed of low-code/no-code paired with the power of scripted test steps.",Freemium,https://www.virtuoso.qa/
61,Face26 AI,"Transform your photos into stunning HD images or vibrant colour photos in seconds with Face26âs Photo Enhancer! No photo editing skills are required. The AI-powered algorithm has been trained with over 2 million high-resolution images, making it one of the best and most popular on the market",Freemium,https://face26.com/
62,Wordkraft AI,"WordKraft AI simplifies the complex process of keyword research. Our AI-powered tool dives deep into your niche, identifying high-performing keywords that drive traffic and engagement.",Freemium,https://wordkraft.ai/
63,Olivia AI,Unlock more sales opportunities for your business with Olivia â AI Sales Rep. A human-like AI sales employee who can manage sales funnel for your business from prospecting to setting up sales appointments.,Freemium,https://web.getverk.ai/ai-sales-representative
64,Songmastr AI,"Songmastr AI boasts a straightforward interface. Simply upload your song in WAV or MP3 format, and the AI takes care of the rest. No complex software or mastering knowledge is required.",Freemium,https://www.songmastr.com/
65,Cheat Layer AI,"Automate Your Business Using Natural Language. Cheat layer solves impossible business automation problems using our own multi-modal model, Atlas-1, and a custom-trained version of GPT-4 to function as your personal AI team.",Freemium,https://cheatlayer.com/
66,Quizgecko AI,"QuizgeckoÂ is an AI question generator that allows you to generate a shareable quiz from text in seconds. Quizgecko AI incorporates game mechanics like points,Â badges,Â and leaderboards to transform studying into an engaging experience.",Freemium,https://quizgecko.com/
67,TTcare AI,TTcare AI transcends the limitations of a simple pet care app. It's an AI-powered health monitoring tool that empowers pet owners to become active participants in their pet's well-being.,Freemium,https://www.ttcareforpet.com/
68,Zarla AI,Zarla AI Website Builder: Create Your Website 100x Faster.Get a professional website that builds itself in seconds. Try Zarla'sÂ AI website builder for free and launch your website today!,Freemium,https://www.zarla.com/
69,AI Sound Copilot,AI Sound Copilot for Your Videos and Games. Create sound effects in an instant with video or game through AI sound copilot.,Free,https://www.waanda.org/
70,Fakeface AI,"Fakeface is an AI-powered online tool that empowers you to create your personalised face swap videos, photos, and GIFs with ease, speed, and top-notch quality.",Free,https://fakeface.io/
71,Marmof AI,"Marmof AI: Unleash Your Inner Content Creator with AI-Powered Writing Assistance. In today's content-driven world, churning out fresh and engaging content consistently can be a challenge. Marmof AI emerges as a powerful ally for content creators, entrepreneurs, and marketers, offering an AI-powered writing assistant.",Freemium,https://marmof.com/
72,Tutory AI,"Tutoring is the perfect learning companion for all learners, regardless of their age or skill level. Ask a question that is on your mind, get help with homework on any subject, or get feedback on your writing.",Paid,https://www.tutory.io/
73,Xpression Camera AI,"An expression camera reflects your facial expressions on any photo in real-time to create content, including videos, GIFs, memes, and more. Images can be from the web, camera roll, or social media.Â",Freemium,https://xpressioncamera.com/
74,Talefy AI,"Talefy is a narrative platform that immerses users in AI-generated stories, where they can influence the storyline through their choices.",Freemium,https://talefy.ai
75,Creatify AI,Create short video ads within 10 mins. Creatify: create engaging AI video ads. The fastest way to create short video ads.Creatifyis anAI-powered app that generates high-quality marketing videos from a simple product link.,Freemium,https://creatify.ai/
76,DocsBot AI,"DocsBot AI: ChatGPT forÂ your docs. Get instant answers for you, your customers, or your team with AI powered chatbots trained with your content and documentation.",Paid,https://docsbot.ai/
77,BgSub AI,BgSub AI: Effortless Background Removal and Replacement for Flawless Images.BgSub AI simplifies the often-tedious task of background removal for images. This user-friendly web application leverages powerful AI technology to seamlessly remove or replace the background of your photos,Free,https://bgsub.com/
78,Keywords Everwhere AI,"Keywords Everywhere seamlessly integrates with popular search engines like Google Search Console and YouTube. Simply conduct your keyword searches as usual, and Keywords Everywhere overlays real-time search volume data, cost-per-click (CPC) metrics, and competition analysis directly within the search engine results page.",Paid,https://keywordseverywhere.com/
79,Jot AI,"Jot AI: Unleash Your Inner Copywriter with AI Powered Ad Creation. Crafting compelling ad copy can be a time-consuming challenge. Jot AI steps in as your creative partner, offering a suite of AI-powered features designed to streamline the ad copywriting process and generate high-converting marketing materials.",Free,https://www.jotapp.tech/
80,Bricksee AI,Bricksee AI transcends the limitations of a simple organizational tool. It's a comprehensive platform designed to elevate the entire LEGO experience. Â From effortless brick identification to building inspiration and a thriving community.,Paid,https://www.bricksee.app/
81,Labelbox AI,Train your AI models with the most impactful data. Labelbox utilizes active learning techniques that prioritize labeling the data points that hold the most value for model training. This optimizes labeling efforts and ensures your model learns from the most relevant data.,Freemium,https://labelbox.com/
82,Botsy AI,Botsy AI can analyze a recipient's social media profiles to suggest personalized gifts based on their interests. Botsy AI can analyze your writing style and provide suggestions for improvement or even generate creative text formats like blog posts or articles.,Free,https://botsy.ai/
83,Maax AI,"Maax AI: Your AI-Powered Ally for Streamlined Customer Service and Coaching Success. Maax AI steps in as your one-stop solution, offering a comprehensive suite of AI-powered tools designed to automate workflows and enhance customer service.",Free,https://www.maax.ai/
84,Brancher AI,"Brancher Ai boasts a user-friendly interface that prioritises simplicity. Forget complex programming languages; drag, drop, and connect pre-built modules to design the functionalities of your app.Â",Freemium,https://www.brancher.ai/
85,Code Genius AI,"Code Genius integrates effortlessly with your existing development environment (IDE). No need to disrupt your workflow; Code Genius functions seamlessly within your preferred IDE, providing real-time suggestions and functionalities without requiring a separate application.",Free,https://www.code-genius.dev/
86,Promind AI,"ProMind AI utilises advanced AI models to generate various content formats, from social media posts and blog articles to product descriptions and marketing copy.",Freemium,https://promind.ai/
87,Twig AI,Twig provides answers that are always cited from trustworthy sources. You can independently verify these sources and cite them to your customers.,Free,https://www.twig.so/
88,Zaplingo AI,Unleash Your Inner Conversationalist with Zaplingo Talk's AI Tutors.Zaplingo Talk empowers language learners to overcome the fear of speaking and refine their conversational skills through AI-powered tutoring sessions.,Free,https://zaplingo.com/
89,Drumloop AI,"Drumloop AI, is your sidekick for making drum loops that groove! Weâve loaded it up with some smart AI technology thatâs been trained on heaps of royalty freedrum beats.",Free,https://www.drumloopai.com/
90,Unakin AI,"Unakin AI provides a library of pre-built 3D assets and environments to jumpstart your prototyping process. This eliminates the need to create everything from scratch, saving valuable development time",Free,https://www.unakin.ai/
91,Resume Worded AI,"Resume Worded AI: Improve your resume and LinkedIn profile.Designed by top recruiters, AI-powered platform instantly gives you tailored feedback on your resume and LinkedIn profile. Land 5x more interviews, opportunities and job offers.",Freemium,https://resumeworded.com/
92,TeamSmart AI,"Teamsmart AI represents the next generation of AI assistants, built upon scientific research. It is designed to be accessible through a chat interface and a Chrome extension.",Paid,https://www.teamsmart.ai/
93,Cutout Pro AI,"Cutout Pro AI: Effortless Background Removal and Image Enhancement with AI In today's digital age, creating high-quality visuals is more important than ever. But removing unwanted backgrounds or editing photos can be time-consuming and require specific software expertise.",Freemium,https://www.cutout.pro/
94,Autoppt AI,"Autoppt is an AI-driven presentation generation tool with rich templates. It can create a complete and visually appealing presentation of 20-30 pages in just one minute. With the ability to replace templates with a single click, Autoppt saves you hours of slide creation work, making your presentations more engaging.",Paid,https://autoppt.com/
95,Chat2DB AI,"Chat2DB integrates data management, development, analysis and application all in one. A cross-platform multi-database management tool equipped with AI driven features for intelligent SQL development, intelligent reporting, and data exploration.",Paid,https://chat2db.ai/
96,AI Image Generator,"Turn your ideas into an AI generated painting in seconds. AI Image Generators empower anyone to create high-quality images without needing traditional artistic expertise. With its ability to translate words into visuals, offer style customization, and provide iterative refinement, AI Image Generators open doors to boundless creative possibilities.",Free,https://www.aiimagegenerator.vip
97,RandomPokemon AI,Random Pokemon Generator: Looking for a fun way to discover new PokÃ©mon? Try our Random PokÃ©mon Generator and start your adventure today!,Free,https://randompokemongenerator.cc/
98,Journalist AI,"Journalist AI is an AI-SEO Writing tool that automatically writes ""SEO optimized"" content, publishes it to your site, indexes it in Google, and syndicates it to social media - all on autopilot via its autoblogging capabilities.",Paid,https://tryjournalist.com
99,Tactiq AI,"Tactiq: Chrome extensionÂ doesnât record your meetings. Instead, we transcribe the meeting by speaker.Â Put your meeting attendees at ease by saying that they are not being recorded and instead are being transcribed.",Freemium,https://tactiq.io/
